Steps,Episode number,Episode reward,Episode reward irl,Episode reward combined
333,1,6,6,6
202,2,4,4,4
201,3,3.333333333,3.333333333,3.333333333
179,4,2.75,2.75,2.75
280,5,3,3,3
309,6,3.333333333,3.333333333,3.333333333
256,7,3.857142857,3.857142857,3.857142857
352,8,4.125,4.125,4.125
291,9,4.222222222,4.222222222,4.222222222
247,10,4.2,4.2,4.2
278,11,4.818181818,4.818181818,4.818181818
516,12,6.083333333,6.083333333,6.083333333
303,13,6.538461538,6.538461538,6.538461538
385,14,7.071428571,7.071428571,7.071428571
329,15,7.2,7.2,7.2
338,16,7.5625,7.5625,7.5625
248,17,7.529411765,7.529411765,7.529411765
351,18,7.444444444,7.444444444,7.444444444
296,19,7.315789474,7.315789474,7.315789474
299,20,7.35,7.35,7.35
461,21,7.571428571,7.571428571,7.571428571
363,22,7.681818182,7.681818182,7.681818182
464,23,8,8,8
327,24,7.916666667,7.916666667,7.916666667
433,25,8.2,8.2,8.2
348,26,8.115384615,8.115384615,8.115384615
258,27,7.962962963,7.962962963,7.962962963
475,28,8,8,8
431,29,8.379310345,8.379310345,8.379310345
486,30,8.9,8.9,8.9
411,31,8.838709677,8.838709677,8.838709677
551,32,9.125,9.125,9.125
661,33,9.666666667,9.666666667,9.666666667
491,34,10.08823529,10.08823529,10.08823529
493,35,10.11428571,10.11428571,10.11428571
449,36,10.44444444,10.44444444,10.44444444
513,37,10.40540541,10.40540541,10.40540541
410,38,10.34210526,10.34210526,10.34210526
567,39,10.87179487,10.87179487,10.87179487
415,40,10.875,10.875,10.875
358,41,10.75609756,10.75609756,10.75609756
737,42,10.97619048,10.97619048,10.97619048
525,43,11.13953488,11.13953488,11.13953488
540,44,11.38636364,11.38636364,11.38636364
557,45,11.8,11.8,11.8
672,46,11.89130435,11.89130435,11.89130435
651,47,12,12,12
604,48,12.10416667,12.10416667,12.10416667
585,49,12.20408163,12.20408163,12.20408163
537,50,12.46,12.46,12.46
655,51,12.8627451,12.8627451,12.8627451
461,52,13.05769231,13.05769231,13.05769231
358,53,12.9245283,12.9245283,12.9245283
535,54,12.96296296,12.96296296,12.96296296
534,55,13.25454545,13.25454545,13.25454545
625,56,13.76785714,13.76785714,13.76785714
594,57,14,14,14
614,58,14.20689655,14.20689655,14.20689655
859,59,14.55932203,14.55932203,14.55932203
801,60,14.81666667,14.81666667,14.81666667
592,61,15.09836066,15.09836066,15.09836066
658,62,15.56451613,15.56451613,15.56451613
762,63,15.96825397,15.96825397,15.96825397
674,64,16.296875,16.296875,16.296875
645,65,16.61538462,16.61538462,16.61538462
633,66,16.84848485,16.84848485,16.84848485
899,67,17.14925373,17.14925373,17.14925373
774,68,17.30882353,17.30882353,17.30882353
489,69,17.30434783,17.30434783,17.30434783
621,70,17.57142857,17.57142857,17.57142857
895,71,17.88732394,17.88732394,17.88732394
876,72,18.16666667,18.16666667,18.16666667
575,73,18.34246575,18.34246575,18.34246575
941,74,18.67567568,18.67567568,18.67567568
773,75,18.68,18.68,18.68
825,76,19.02631579,19.02631579,19.02631579
587,77,19,19,19
584,78,18.91025641,18.91025641,18.91025641
773,79,19.02531646,19.02531646,19.02531646
942,80,19.175,19.175,19.175
597,81,19.16049383,19.16049383,19.16049383
757,82,19.25609756,19.25609756,19.25609756
517,83,19.20481928,19.20481928,19.20481928
916,84,19.58333333,19.58333333,19.58333333
851,85,19.91764706,19.91764706,19.91764706
883,86,20.24418605,20.24418605,20.24418605
927,87,20.64367816,20.64367816,20.64367816
806,88,20.98863636,20.98863636,20.98863636
942,89,21.26966292,21.26966292,21.26966292
772,90,21.38888889,21.38888889,21.38888889
846,91,21.56043956,21.56043956,21.56043956
451,92,21.56521739,21.56521739,21.56521739
625,93,21.53763441,21.53763441,21.53763441
616,94,21.76595745,21.76595745,21.76595745
888,95,22.06315789,22.06315789,22.06315789
647,96,22.3125,22.3125,22.3125
1062,97,22.57731959,22.57731959,22.57731959
879,98,22.74489796,22.74489796,22.74489796
828,99,22.97979798,22.97979798,22.97979798
959,100,23.27,23.27,23.27
1054,101,23.42574257,23.42574257,23.42574257
934,102,23.49019608,23.49019608,23.49019608
907,103,23.58252427,23.58252427,23.58252427
805,104,23.77884615,23.77884615,23.77884615
832,105,23.84761905,23.84761905,23.84761905
715,106,23.91509434,23.91509434,23.91509434
952,107,24.23364486,24.23364486,24.23364486
883,108,24.42592593,24.42592593,24.42592593
798,109,24.59633028,24.59633028,24.59633028
859,110,24.78181818,24.78181818,24.78181818
885,111,24.81081081,24.81081081,24.81081081
909,112,24.97321429,24.97321429,24.97321429
973,113,25.10619469,25.10619469,25.10619469
916,114,25.34210526,25.34210526,25.34210526
985,115,25.51304348,25.51304348,25.51304348
898,116,25.56896552,25.56896552,25.56896552
1017,117,25.73504274,25.73504274,25.73504274
926,118,25.94067797,25.94067797,25.94067797
1066,119,26.1512605,26.1512605,26.1512605
1032,120,26.38333333,26.38333333,26.38333333
1134,121,26.61157025,26.61157025,26.61157025
853,122,26.73770492,26.73770492,26.73770492
849,123,26.91869919,26.91869919,26.91869919
780,124,26.87903226,26.87903226,26.87903226
806,125,27.04,27.04,27.04
955,126,27.23809524,27.23809524,27.23809524
1026,127,27.38582677,27.38582677,27.38582677
931,128,27.6328125,27.6328125,27.6328125
1028,129,27.79844961,27.79844961,27.79844961
1008,130,27.96153846,27.96153846,27.96153846
910,131,28.05343511,28.05343511,28.05343511
1041,132,28.20454545,28.20454545,28.20454545
909,133,28.36842105,28.36842105,28.36842105
941,134,28.49253731,28.49253731,28.49253731
1008,135,28.74074074,28.74074074,28.74074074
1058,136,28.94852941,28.94852941,28.94852941
985,137,29.16788321,29.16788321,29.16788321
577,138,29.24637681,29.24637681,29.24637681
975,139,29.30935252,29.30935252,29.30935252
915,140,29.44285714,29.44285714,29.44285714
1116,141,29.65248227,29.65248227,29.65248227
960,142,29.8028169,29.8028169,29.8028169
860,143,29.83916084,29.83916084,29.83916084
986,144,29.91666667,29.91666667,29.91666667
893,145,30.00689655,30.00689655,30.00689655
981,146,30.15753425,30.15753425,30.15753425
939,147,30.27891156,30.27891156,30.27891156
941,148,30.36486486,30.36486486,30.36486486
584,149,30.34899329,30.34899329,30.34899329
1037,150,30.49333333,30.49333333,30.49333333
964,151,30.64900662,30.64900662,30.64900662
524,152,30.69078947,30.69078947,30.69078947
999,153,30.80392157,30.80392157,30.80392157
1055,154,30.98051948,30.98051948,30.98051948
1018,155,31.07741935,31.07741935,31.07741935
833,156,31.05128205,31.05128205,31.05128205
1032,157,31.07006369,31.07006369,31.07006369
852,158,31.14556962,31.14556962,31.14556962
1003,159,31.30188679,31.30188679,31.30188679
1004,160,31.50625,31.50625,31.50625
979,161,31.68322981,31.68322981,31.68322981
672,162,31.7654321,31.7654321,31.7654321
1061,163,31.8404908,31.8404908,31.8404908
914,164,32.04268293,32.04268293,32.04268293
1018,165,32.14545455,32.14545455,32.14545455
1061,166,32.36144578,32.36144578,32.36144578
1066,167,32.56287425,32.56287425,32.56287425
1209,168,32.77380952,32.77380952,32.77380952
913,169,32.9112426,32.9112426,32.9112426
1000,170,33.02941176,33.02941176,33.02941176
725,171,33.11695906,33.11695906,33.11695906
1061,172,33.3372093,33.3372093,33.3372093
830,173,33.46242775,33.46242775,33.46242775
915,174,33.52298851,33.52298851,33.52298851
908,175,33.62857143,33.62857143,33.62857143
684,176,33.54545455,33.54545455,33.54545455
536,177,33.45762712,33.45762712,33.45762712
792,178,33.62359551,33.62359551,33.62359551
947,179,33.70949721,33.70949721,33.70949721
1105,180,33.93888889,33.93888889,33.93888889
845,181,34.0441989,34.0441989,34.0441989
982,182,34.14835165,34.14835165,34.14835165
578,183,34.04918033,34.04918033,34.04918033
635,184,34.16304348,34.16304348,34.16304348
881,185,34.19459459,34.19459459,34.19459459
807,186,34.25806452,34.25806452,34.25806452
861,187,34.39572193,34.39572193,34.39572193
1109,188,34.5212766,34.5212766,34.5212766
960,189,34.73544974,34.73544974,34.73544974
1144,190,34.82631579,34.82631579,34.82631579
1034,191,34.93193717,34.93193717,34.93193717
1103,192,35.05729167,35.05729167,35.05729167
1046,193,35.10362694,35.10362694,35.10362694
997,194,35.17010309,35.17010309,35.17010309
1079,195,35.32307692,35.32307692,35.32307692
1091,196,35.55102041,35.55102041,35.55102041
1045,197,35.74619289,35.74619289,35.74619289
1089,198,35.82828283,35.82828283,35.82828283
1013,199,35.88944724,35.88944724,35.88944724
848,200,35.915,35.915,35.915
722,201,35.96517413,35.96517413,35.96517413
989,202,36.0049505,36.0049505,36.0049505
808,203,36.09359606,36.09359606,36.09359606
1097,204,36.30882353,36.30882353,36.30882353
961,205,36.37073171,36.37073171,36.37073171
1227,206,36.55339806,36.55339806,36.55339806
1120,207,37.36714976,37.36714976,37.36714976
1135,208,37.54326923,37.54326923,37.54326923
1101,209,37.80861244,37.80861244,37.80861244
1125,210,38.12857143,38.12857143,38.12857143
1128,211,38.30805687,38.30805687,38.30805687
696,212,38.36792453,38.36792453,38.36792453
1181,213,38.61032864,38.61032864,38.61032864
1185,214,38.74766355,38.74766355,38.74766355
1041,215,38.93023256,38.93023256,38.93023256
1161,216,39.11574074,39.11574074,39.11574074
1151,217,39.30875576,39.30875576,39.30875576
584,218,39.35779817,39.35779817,39.35779817
832,219,39.28767123,39.28767123,39.28767123
1071,220,39.55454545,39.55454545,39.55454545
1191,221,39.81900452,39.81900452,39.81900452
1034,222,39.96846847,39.96846847,39.96846847
940,223,40.0044843,40.0044843,40.0044843
1397,224,41.27678571,41.27678571,41.27678571
1483,225,42.8,42.8,42.8
1094,226,43.03539823,43.03539823,43.03539823
1282,227,44.30396476,44.30396476,44.30396476
1041,228,44.40350877,44.40350877,44.40350877
858,229,44.34934498,44.34934498,44.34934498
788,230,44.26956522,44.26956522,44.26956522
453,231,44.12121212,44.12121212,44.12121212
562,232,43.99568966,43.99568966,43.99568966
419,233,43.84549356,43.84549356,43.84549356
886,234,43.81196581,43.81196581,43.81196581
709,235,43.72340426,43.72340426,43.72340426
886,236,43.71610169,43.71610169,43.71610169
1064,237,43.84388186,43.84388186,43.84388186
1182,238,44.1092437,44.1092437,44.1092437
1355,239,45.17991632,45.17991632,45.17991632
1075,240,45.22083333,45.22083333,45.22083333
917,241,45.24481328,45.24481328,45.24481328
862,242,45.24380165,45.24380165,45.24380165
1275,243,45.91358025,45.91358025,45.91358025
1145,244,46.23770492,46.23770492,46.23770492
958,245,46.2,46.2,46.2
868,246,46.15447154,46.15447154,46.15447154
816,247,46.10526316,46.10526316,46.10526316
950,248,46.06854839,46.06854839,46.06854839
888,249,46.01606426,46.01606426,46.01606426
1092,250,46.024,46.024,46.024
1025,251,45.99601594,45.99601594,45.99601594
1082,252,46.02777778,46.02777778,46.02777778
910,253,45.98023715,45.98023715,45.98023715
978,254,45.96062992,45.96062992,45.96062992
618,255,45.91764706,45.91764706,45.91764706
927,256,45.83984375,45.83984375,45.83984375
732,257,45.75486381,45.75486381,45.75486381
573,258,45.69767442,45.69767442,45.69767442
1053,259,45.83783784,45.83783784,45.83783784
1078,260,45.91153846,45.91153846,45.91153846
1216,261,46.00766284,46.00766284,46.00766284
1085,262,46.08015267,46.08015267,46.08015267
1071,263,46.13688213,46.13688213,46.13688213
1096,264,46.15530303,46.15530303,46.15530303
924,265,46.13962264,46.13962264,46.13962264
952,266,46.10526316,46.10526316,46.10526316
1200,267,46.40074906,46.40074906,46.40074906
1039,268,46.48880597,46.48880597,46.48880597
1114,269,46.47211896,46.47211896,46.47211896
539,270,46.38518519,46.38518519,46.38518519
1027,271,46.47232472,46.47232472,46.47232472
1037,272,46.52205882,46.52205882,46.52205882
820,273,46.48717949,46.48717949,46.48717949
882,274,46.55474453,46.55474453,46.55474453
1066,275,46.61090909,46.61090909,46.61090909
1190,276,46.72101449,46.72101449,46.72101449
1083,277,46.75451264,46.75451264,46.75451264
1344,278,47.23381295,47.23381295,47.23381295
1496,279,48.04301075,48.04301075,48.04301075
1217,280,48.17857143,48.17857143,48.17857143
1101,281,48.34519573,48.34519573,48.34519573
1299,282,49.29078014,49.29078014,49.29078014
1017,283,49.27208481,49.27208481,49.27208481
876,284,49.26056338,49.26056338,49.26056338
623,285,49.24210526,49.24210526,49.24210526
669,286,49.24125874,49.24125874,49.24125874
733,287,49.12543554,49.12543554,49.12543554
632,288,49.09722222,49.09722222,49.09722222
758,289,49.10034602,49.10034602,49.10034602
911,290,49.2,49.2,49.2
1076,291,49.27491409,49.27491409,49.27491409
1327,292,49.51027397,49.51027397,49.51027397
954,293,49.54266212,49.54266212,49.54266212
789,294,49.54081633,49.54081633,49.54081633
754,295,49.44745763,49.44745763,49.44745763
533,296,49.34459459,49.34459459,49.34459459
529,297,49.23569024,49.23569024,49.23569024
1243,298,49.83892617,49.83892617,49.83892617
1206,299,50.04682274,50.04682274,50.04682274
1333,300,50.27333333,50.27333333,50.27333333
1049,301,50.30564784,50.30564784,50.30564784
620,302,50.29801325,50.29801325,50.29801325
1336,303,50.84818482,50.84818482,50.84818482
956,304,50.92434211,50.92434211,50.92434211
1042,305,51.01311475,51.01311475,51.01311475
872,306,50.94444444,50.94444444,50.94444444
1029,307,51.00651466,51.00651466,51.00651466
793,308,50.92532468,50.92532468,50.92532468
626,309,50.89320388,50.89320388,50.89320388
760,310,50.82903226,50.82903226,50.82903226
1408,311,51.12540193,51.12540193,51.12540193
1190,312,51.25961538,51.25961538,51.25961538
578,313,51.20447284,51.20447284,51.20447284
1331,314,51.72611465,51.72611465,51.72611465
1357,315,52.50793651,52.50793651,52.50793651
1012,316,52.56962025,52.56962025,52.56962025
1173,317,52.69716088,52.69716088,52.69716088
1426,318,53.55974843,53.55974843,53.55974843
1375,319,54.02194357,54.02194357,54.02194357
640,320,53.93125,53.93125,53.93125
1410,321,54.50778816,54.50778816,54.50778816
1263,322,54.6242236,54.6242236,54.6242236
880,323,54.68111455,54.68111455,54.68111455
1108,324,55.16975309,55.16975309,55.16975309
1246,325,55.43384615,55.43384615,55.43384615
1348,326,56.17484663,56.17484663,56.17484663
1151,327,56.26605505,56.26605505,56.26605505
1533,328,57.08841463,57.08841463,57.08841463
1467,329,57.80547112,57.80547112,57.80547112
1072,330,58.45757576,58.45757576,58.45757576
1205,331,58.54984894,58.54984894,58.54984894
984,332,58.48192771,58.48192771,58.48192771
576,333,58.39339339,58.39339339,58.39339339
965,334,58.38023952,58.38023952,58.38023952
780,335,58.37910448,58.37910448,58.37910448
1066,336,58.38988095,58.38988095,58.38988095
1315,337,58.59643917,58.59643917,58.59643917
1187,338,59.03846154,59.03846154,59.03846154
1278,339,59.18289086,59.18289086,59.18289086
1522,340,59.87058824,59.87058824,59.87058824
1315,341,60.56304985,60.56304985,60.56304985
1343,342,61.00877193,61.00877193,61.00877193
1171,343,61.12827988,61.12827988,61.12827988
1588,344,61.98837209,61.98837209,61.98837209
1619,345,62.91594203,62.91594203,62.91594203
1378,346,63.57514451,63.57514451,63.57514451
1158,347,63.7204611,63.7204611,63.7204611
1720,348,64.64655172,64.64655172,64.64655172
597,349,64.5243553,64.5243553,64.5243553
1493,350,65.19428571,65.19428571,65.19428571
1013,351,65.1994302,65.1994302,65.1994302
1640,352,66.05681818,66.05681818,66.05681818
1104,353,66.15580737,66.15580737,66.15580737
1059,354,66.14689266,66.14689266,66.14689266
1088,355,66.52394366,66.52394366,66.52394366
1204,356,67.04494382,67.04494382,67.04494382
1129,357,67.38095238,67.38095238,67.38095238
1434,358,68.14804469,68.14804469,68.14804469
1386,359,68.63231198,68.63231198,68.63231198
921,360,68.56111111,68.56111111,68.56111111
939,361,68.56786704,68.56786704,68.56786704
1419,362,69.07734807,69.07734807,69.07734807
878,363,68.98347107,68.98347107,68.98347107
759,364,68.8543956,68.8543956,68.8543956
1490,365,69.53150685,69.53150685,69.53150685
1392,366,69.75136612,69.75136612,69.75136612
1442,367,70.36784741,70.36784741,70.36784741
1224,368,70.33695652,70.33695652,70.33695652
1757,369,71.20054201,71.20054201,71.20054201
1437,370,71.67027027,71.67027027,71.67027027
1192,371,71.76549865,71.76549865,71.76549865
1017,372,71.70430108,71.70430108,71.70430108
835,373,71.61394102,71.61394102,71.61394102
514,374,71.45454545,71.45454545,71.45454545
1327,375,71.71733333,71.71733333,71.71733333
1186,376,71.81117021,71.81117021,71.81117021
1184,377,71.85411141,71.85411141,71.85411141
988,378,71.7989418,71.7989418,71.7989418
1052,379,72.2585752,72.2585752,72.2585752
1253,380,72.72894737,72.72894737,72.72894737
1225,381,73.2152231,73.2152231,73.2152231
1141,382,73.26963351,73.26963351,73.26963351
1075,383,73.31853786,73.31853786,73.31853786
1758,384,73.99739583,73.99739583,73.99739583
736,385,73.86233766,73.86233766,73.86233766
573,386,73.73056995,73.73056995,73.73056995
450,387,73.57881137,73.57881137,73.57881137
983,388,73.47938144,73.47938144,73.47938144
904,389,73.3933162,73.3933162,73.3933162
609,390,73.24871795,73.24871795,73.24871795
1111,391,73.70332481,73.70332481,73.70332481
917,392,73.61734694,73.61734694,73.61734694
739,393,73.49363868,73.49363868,73.49363868
671,394,73.38071066,73.38071066,73.38071066
448,395,73.22531646,73.22531646,73.22531646
470,396,73.09090909,73.09090909,73.09090909
760,397,72.98740554,72.98740554,72.98740554
984,398,72.91708543,72.91708543,72.91708543
926,399,72.8245614,72.8245614,72.8245614
1188,400,72.99,72.99,72.99
1279,401,73.12967581,73.12967581,73.12967581
1221,402,73.21890547,73.21890547,73.21890547
1213,403,73.31761787,73.31761787,73.31761787
1344,404,73.87376238,73.87376238,73.87376238
1416,405,74.52345679,74.52345679,74.52345679
1195,406,74.57389163,74.57389163,74.57389163
2517,407,75.34643735,75.34643735,75.34643735
1434,408,75.68137255,75.68137255,75.68137255
933,409,75.60391198,75.60391198,75.60391198
867,410,75.50243902,75.50243902,75.50243902
690,411,75.36009732,75.36009732,75.36009732
1404,412,75.9538835,75.9538835,75.9538835
1917,413,76.56658596,76.56658596,76.56658596
1117,414,76.60628019,76.60628019,76.60628019
1594,415,77.27710843,77.27710843,77.27710843
1577,416,77.52884615,77.52884615,77.52884615
1436,417,77.98561151,77.98561151,77.98561151
1423,418,78.38277512,78.38277512,78.38277512
1274,419,78.71121718,78.71121718,78.71121718
1576,420,79.37380952,79.37380952,79.37380952
1346,421,79.77434679,79.77434679,79.77434679
1392,422,80.18957346,80.18957346,80.18957346
1329,423,80.57210402,80.57210402,80.57210402
931,424,80.51179245,80.51179245,80.51179245
1498,425,80.94588235,80.94588235,80.94588235
1039,426,80.97652582,80.97652582,80.97652582
1137,427,81.2529274,81.2529274,81.2529274
1066,428,81.24766355,81.24766355,81.24766355
1318,429,81.58508159,81.58508159,81.58508159
982,430,81.53023256,81.53023256,81.53023256
1149,431,81.46867749,81.46867749,81.46867749
622,432,81.31944444,81.31944444,81.31944444
1332,433,81.77136259,81.77136259,81.77136259
1470,434,82.30414747,82.30414747,82.30414747
1150,435,82.34942529,82.34942529,82.34942529
1099,436,82.38073394,82.38073394,82.38073394
1304,437,82.72540046,82.72540046,82.72540046
702,438,82.57305936,82.57305936,82.57305936
1285,439,82.65831435,82.65831435,82.65831435
907,440,82.55909091,82.55909091,82.55909091
1284,441,82.62358277,82.62358277,82.62358277
565,442,82.49095023,82.49095023,82.49095023
1145,443,82.51015801,82.51015801,82.51015801
1000,444,82.48423423,82.48423423,82.48423423
1435,445,82.96179775,82.96179775,82.96179775
1062,446,82.97757848,82.97757848,82.97757848
1256,447,83.24161074,83.24161074,83.24161074
1327,448,83.73214286,83.73214286,83.73214286
1252,449,83.844098,83.844098,83.844098
1007,450,83.81555556,83.81555556,83.81555556
899,451,83.72505543,83.72505543,83.72505543
897,452,83.63053097,83.63053097,83.63053097
871,453,83.50551876,83.50551876,83.50551876
506,454,83.39207048,83.39207048,83.39207048
1378,455,83.87252747,83.87252747,83.87252747
1148,456,83.90350877,83.90350877,83.90350877
1305,457,84.26039387,84.26039387,84.26039387
1398,458,84.44978166,84.44978166,84.44978166
944,459,84.33769063,84.33769063,84.33769063
1511,460,84.89782609,84.89782609,84.89782609
1508,461,85.47071584,85.47071584,85.47071584
1008,462,85.44155844,85.44155844,85.44155844
804,463,85.31533477,85.31533477,85.31533477
955,464,85.20474138,85.20474138,85.20474138
1060,465,85.16129032,85.16129032,85.16129032
853,466,85.05364807,85.05364807,85.05364807
924,467,84.95717345,84.95717345,84.95717345
623,468,84.82905983,84.82905983,84.82905983
1108,469,84.7761194,84.7761194,84.7761194
1320,470,84.92553191,84.92553191,84.92553191
1133,471,84.98301486,84.98301486,84.98301486
1155,472,84.97669492,84.97669492,84.97669492
1040,473,84.94291755,84.94291755,84.94291755
1080,474,84.89662447,84.89662447,84.89662447
1167,475,84.91578947,84.91578947,84.91578947
1469,476,85.39495798,85.39495798,85.39495798
9676,477,85.95807128,85.95807128,85.95807128
1306,478,86.33891213,86.33891213,86.33891213
1153,479,86.36743215,86.36743215,86.36743215
825,480,86.26458333,86.26458333,86.26458333
755,481,86.15384615,86.15384615,86.15384615
1436,482,86.65145228,86.65145228,86.65145228
1342,483,86.99585921,86.99585921,86.99585921
1664,484,87.58264463,87.58264463,87.58264463
946,485,87.48865979,87.48865979,87.48865979
1409,486,87.97942387,87.97942387,87.97942387
1495,487,88.48049281,88.48049281,88.48049281
1459,488,88.81967213,88.81967213,88.81967213
993,489,88.79345603,88.79345603,88.79345603
1323,490,89.18163265,89.18163265,89.18163265
1387,491,89.56619145,89.56619145,89.56619145
1670,492,90.10162602,90.10162602,90.10162602
1522,493,90.54969574,90.54969574,90.54969574
1391,494,90.99595142,90.99595142,90.99595142
1034,495,90.90505051,90.90505051,90.90505051
1175,496,90.97580645,90.97580645,90.97580645
1209,497,91.03219316,91.03219316,91.03219316
1456,498,91.53413655,91.53413655,91.53413655
1182,499,91.56713427,91.56713427,91.56713427
456,500,91.416,91.416,91.416
1324,501,91.78243513,91.78243513,91.78243513
1011,502,91.687251,91.687251,91.687251
616,503,91.54870775,91.54870775,91.54870775
930,504,91.4265873,91.4265873,91.4265873
940,505,91.34257426,91.34257426,91.34257426
1151,506,91.37351779,91.37351779,91.37351779
1137,507,91.59763314,91.59763314,91.59763314
3529,508,92.11220472,92.11220472,92.11220472
1064,509,92.14734774,92.14734774,92.14734774
413,510,91.98823529,91.98823529,91.98823529
1409,511,92.37181996,92.37181996,92.37181996
1355,512,92.80859375,92.80859375,92.80859375
665,513,92.68615984,92.68615984,92.68615984
954,514,92.57782101,92.57782101,92.57782101
1050,515,92.60776699,92.60776699,92.60776699
1097,516,92.63178295,92.63178295,92.63178295
1311,517,93.01353965,93.01353965,93.01353965
1388,518,93.4015444,93.4015444,93.4015444
1442,519,93.85163776,93.85163776,93.85163776
1366,520,94.30384615,94.30384615,94.30384615
1108,521,94.33397313,94.33397313,94.33397313
1049,522,94.27777778,94.27777778,94.27777778
997,523,94.19120459,94.19120459,94.19120459
890,524,94.08587786,94.08587786,94.08587786
909,525,94.03809524,94.03809524,94.03809524
889,526,93.9391635,93.9391635,93.9391635
990,527,93.90512334,93.90512334,93.90512334
805,528,93.83143939,93.83143939,93.83143939
1477,529,94.21928166,94.21928166,94.21928166
866,530,94.11509434,94.11509434,94.11509434
756,531,93.97175141,93.97175141,93.97175141
1325,532,94.33270677,94.33270677,94.33270677
1554,533,94.83864916,94.83864916,94.83864916
972,534,94.75655431,94.75655431,94.75655431
977,535,94.65607477,94.65607477,94.65607477
962,536,94.57089552,94.57089552,94.57089552
1051,537,94.54376164,94.54376164,94.54376164
622,538,94.42750929,94.42750929,94.42750929
831,539,94.31725417,94.31725417,94.31725417
1284,540,94.37777778,94.37777778,94.37777778
1058,541,94.35859519,94.35859519,94.35859519
1099,542,94.37453875,94.37453875,94.37453875
570,543,94.25230203,94.25230203,94.25230203
894,544,94.22242647,94.22242647,94.22242647
988,545,94.13394495,94.13394495,94.13394495
1002,546,94.06227106,94.06227106,94.06227106
1142,547,94.03473492,94.03473492,94.03473492
1437,548,94.49087591,94.49087591,94.49087591
1527,549,94.96357013,94.96357013,94.96357013
1681,550,95.41636364,95.41636364,95.41636364
990,551,95.39564428,95.39564428,95.39564428
1126,552,95.42028986,95.42028986,95.42028986
1407,553,95.82640145,95.82640145,95.82640145
1150,554,95.81046931,95.81046931,95.81046931
1276,555,95.97837838,95.97837838,95.97837838
1556,556,96.45143885,96.45143885,96.45143885
734,557,96.31956912,96.31956912,96.31956912
904,558,96.20250896,96.20250896,96.20250896
1641,559,96.72093023,96.72093023,96.72093023
838,560,96.59642857,96.59642857,96.59642857
1040,561,96.51158645,96.51158645,96.51158645
1298,562,96.8024911,96.8024911,96.8024911
1027,563,96.74245115,96.74245115,96.74245115
1078,564,96.67198582,96.67198582,96.67198582
982,565,96.60530973,96.60530973,96.60530973
1082,566,96.55477032,96.55477032,96.55477032
1101,567,96.50617284,96.50617284,96.50617284
1156,568,96.47007042,96.47007042,96.47007042
1373,569,96.65202109,96.65202109,96.65202109
1157,570,96.62807018,96.62807018,96.62807018
1529,571,96.91768827,96.91768827,96.91768827
1484,572,97.35664336,97.35664336,97.35664336
1471,573,97.72774869,97.72774869,97.72774869
1385,574,98.04181185,98.04181185,98.04181185
1131,575,98.08173913,98.08173913,98.08173913
1479,576,98.48263889,98.48263889,98.48263889
2675,577,98.87175043,98.87175043,98.87175043
1397,578,99.24048443,99.24048443,99.24048443
951,579,99.11917098,99.11917098,99.11917098
1343,580,99.35689655,99.35689655,99.35689655
1505,581,99.72461274,99.72461274,99.72461274
2153,582,100.1752577,100.1752577,100.1752577
990,583,100.0754717,100.0754717,100.0754717
1076,584,100.0325342,100.0325342,100.0325342
1182,585,100.0752137,100.0752137,100.0752137
1151,586,100.109215,100.109215,100.109215
1478,587,100.4872232,100.4872232,100.4872232
1080,588,100.4438776,100.4438776,100.4438776
1487,589,100.8488964,100.8488964,100.8488964
1062,590,100.8033898,100.8033898,100.8033898
1252,591,101.0490694,101.0490694,101.0490694
1109,592,100.9746622,100.9746622,100.9746622
780,593,100.9173693,100.9173693,100.9173693
1115,594,101.03367,101.03367,101.03367
680,595,101,101,101
1878,596,101.4798658,101.4798658,101.4798658
1300,597,101.520938,101.520938,101.520938
1428,598,101.8929766,101.8929766,101.8929766
1277,599,101.9098497,101.9098497,101.9098497
1382,600,102.2483333,102.2483333,102.2483333
1611,601,102.6622296,102.6622296,102.6622296
1214,602,102.8405316,102.8405316,102.8405316
1478,603,103.2072968,103.2072968,103.2072968
644,604,103.0645695,103.0645695,103.0645695
588,605,102.9157025,102.9157025,102.9157025
1488,606,103.2986799,103.2986799,103.2986799
1472,607,103.645799,103.645799,103.645799
1470,608,104.0493421,104.0493421,104.0493421
1523,609,104.4581281,104.4581281,104.4581281
1727,610,104.9016393,104.9016393,104.9016393
824,611,104.7757774,104.7757774,104.7757774
1415,612,105.0441176,105.0441176,105.0441176
1527,613,105.4502447,105.4502447,105.4502447
1478,614,105.8469055,105.8469055,105.8469055
1579,615,106.2422764,106.2422764,106.2422764
825,616,106.112013,106.112013,106.112013
1497,617,106.5024311,106.5024311,106.5024311
1399,618,106.8300971,106.8300971,106.8300971
1645,619,107.174475,107.174475,107.174475
1556,620,107.5677419,107.5677419,107.5677419
1415,621,107.9259259,107.9259259,107.9259259
1199,622,108.0466238,108.0466238,108.0466238
1052,623,108.0080257,108.0080257,108.0080257
444,624,107.849359,107.849359,107.849359
995,625,107.7664,107.7664,107.7664
1152,626,107.884984,107.884984,107.884984
1202,627,108.0047847,108.0047847,108.0047847
1327,628,108.2675159,108.2675159,108.2675159
1519,629,108.5484897,108.5484897,108.5484897
757,630,108.4238095,108.4238095,108.4238095
1067,631,108.3676704,108.3676704,108.3676704
1226,632,108.3876582,108.3876582,108.3876582
873,633,108.2527646,108.2527646,108.2527646
1079,634,108.1908517,108.1908517,108.1908517
1074,635,108.1244094,108.1244094,108.1244094
1142,636,108.0471698,108.0471698,108.0471698
904,637,107.9434851,107.9434851,107.9434851
1126,638,107.8965517,107.8965517,107.8965517
1206,639,107.8920188,107.8920188,107.8920188
1170,640,107.83125,107.83125,107.83125
1050,641,107.7316693,107.7316693,107.7316693
1171,642,107.694704,107.694704,107.694704
1154,643,107.681182,107.681182,107.681182
1089,644,107.6071429,107.6071429,107.6071429
1134,645,107.5782946,107.5782946,107.5782946
1065,646,107.5340557,107.5340557,107.5340557
1077,647,107.4683153,107.4683153,107.4683153
1168,648,107.4058642,107.4058642,107.4058642
1135,649,107.357473,107.357473,107.357473
1050,650,107.2953846,107.2953846,107.2953846
1196,651,107.2903226,107.2903226,107.2903226
872,652,107.1947853,107.1947853,107.1947853
940,653,107.0980092,107.0980092,107.0980092
1234,654,107.0336391,107.0336391,107.0336391
1350,655,107.0442748,107.0442748,107.0442748
1409,656,107.2926829,107.2926829,107.2926829
1096,657,107.217656,107.217656,107.217656
1385,658,107.4255319,107.4255319,107.4255319
940,659,107.3490137,107.3490137,107.3490137
1693,660,107.7606061,107.7606061,107.7606061
613,661,107.6369138,107.6369138,107.6369138
1187,662,107.8791541,107.8791541,107.8791541
1103,663,107.8446456,107.8446456,107.8446456
1686,664,108.2108434,108.2108434,108.2108434
1519,665,108.5458647,108.5458647,108.5458647
930,666,108.4414414,108.4414414,108.4414414
1003,667,108.3523238,108.3523238,108.3523238
1162,668,108.3353293,108.3353293,108.3353293
1289,669,108.3273543,108.3273543,108.3273543
1015,670,108.258209,108.258209,108.258209
1035,671,108.2056632,108.2056632,108.2056632
1182,672,108.1547619,108.1547619,108.1547619
1146,673,108.1367013,108.1367013,108.1367013
871,674,108.0207715,108.0207715,108.0207715
1232,675,108.037037,108.037037,108.037037
792,676,107.9156805,107.9156805,107.9156805
1157,677,107.8833087,107.8833087,107.8833087
1118,678,107.8141593,107.8141593,107.8141593
1735,679,108.179676,108.179676,108.179676
1035,680,108.1205882,108.1205882,108.1205882
1062,681,108.0646109,108.0646109,108.0646109
830,682,107.9545455,107.9545455,107.9545455
719,683,107.8301611,107.8301611,107.8301611
1637,684,108.1652047,108.1652047,108.1652047
1673,685,108.5270073,108.5270073,108.5270073
1024,686,108.4300292,108.4300292,108.4300292
1071,687,108.3784571,108.3784571,108.3784571
1124,688,108.3299419,108.3299419,108.3299419
1204,689,108.2844702,108.2844702,108.2844702
1272,690,108.2898551,108.2898551,108.2898551
1329,691,108.4081042,108.4081042,108.4081042
964,692,108.3309249,108.3309249,108.3309249
1424,693,108.6421356,108.6421356,108.6421356
1057,694,108.5634006,108.5634006,108.5634006
497,695,108.4604317,108.4604317,108.4604317
1128,696,108.4482759,108.4482759,108.4482759
822,697,108.3601148,108.3601148,108.3601148
1141,698,108.3065903,108.3065903,108.3065903
1063,699,108.2374821,108.2374821,108.2374821
1285,700,108.2257143,108.2257143,108.2257143
1509,701,108.5435093,108.5435093,108.5435093
1360,702,108.5541311,108.5541311,108.5541311
994,703,108.4722617,108.4722617,108.4722617
1075,704,108.4232955,108.4232955,108.4232955
999,705,108.3574468,108.3574468,108.3574468
907,706,108.2464589,108.2464589,108.2464589
1243,707,108.2107496,108.2107496,108.2107496
1105,708,108.1723164,108.1723164,108.1723164
866,709,108.0662906,108.0662906,108.0662906
1415,710,108.2577465,108.2577465,108.2577465
1375,711,108.2672293,108.2672293,108.2672293
1259,712,108.3609551,108.3609551,108.3609551
1093,713,108.2706872,108.2706872,108.2706872
1478,714,108.5308123,108.5308123,108.5308123
1133,715,108.4531469,108.4531469,108.4531469
1419,716,108.5614525,108.5614525,108.5614525
2682,717,108.9205021,108.9205021,108.9205021
1153,718,108.856546,108.856546,108.856546
592,719,108.7413074,108.7413074,108.7413074
1086,720,108.6694444,108.6694444,108.6694444
1466,721,109.0097087,109.0097087,109.0097087
448,722,108.8698061,108.8698061,108.8698061
1075,723,108.791148,108.791148,108.791148
1483,724,109.0773481,109.0773481,109.0773481
957,725,108.982069,108.982069,108.982069
100000,726,109.0867769,109.0867769,109.0867769
1104,727,109.0412655,109.0412655,109.0412655
1096,728,108.9986264,108.9986264,108.9986264
865,729,108.9053498,108.9053498,108.9053498
1318,730,109.0164384,109.0164384,109.0164384
1394,731,109.2161423,109.2161423,109.2161423
1175,732,109.1775956,109.1775956,109.1775956
1078,733,109.100955,109.100955,109.100955
1174,734,109.0449591,109.0449591,109.0449591
818,735,108.9265306,108.9265306,108.9265306
1510,736,109.1440217,109.1440217,109.1440217
1234,737,109.2727273,109.2727273,109.2727273
1367,738,109.4850949,109.4850949,109.4850949
1481,739,109.7834912,109.7834912,109.7834912
899,740,109.6891892,109.6891892,109.6891892
1496,741,110.0121457,110.0121457,110.0121457
1749,742,110.351752,110.351752,110.351752
1593,743,110.6890983,110.6890983,110.6890983
1047,744,110.6155914,110.6155914,110.6155914
1084,745,110.5489933,110.5489933,110.5489933
1634,746,110.8941019,110.8941019,110.8941019
1744,747,111.2637216,111.2637216,111.2637216
1823,748,111.6470588,111.6470588,111.6470588
1287,749,111.6194927,111.6194927,111.6194927
1179,750,111.5813333,111.5813333,111.5813333
1016,751,111.4980027,111.4980027,111.4980027
1044,752,111.462766,111.462766,111.462766
1013,753,111.3877822,111.3877822,111.3877822
774,754,111.2692308,111.2692308,111.2692308
1342,755,111.4529801,111.4529801,111.4529801
661,756,111.3293651,111.3293651,111.3293651
948,757,111.2404227,111.2404227,111.2404227
900,758,111.146438,111.146438,111.146438
1368,759,111.4097497,111.4097497,111.4097497
1664,760,111.7684211,111.7684211,111.7684211
1227,761,111.6925099,111.6925099,111.6925099
688,762,111.5721785,111.5721785,111.5721785
409,763,111.4442988,111.4442988,111.4442988
1001,764,111.3651832,111.3651832,111.3651832
943,765,111.2718954,111.2718954,111.2718954
980,766,111.194517,111.194517,111.194517
744,767,111.0808344,111.0808344,111.0808344
1037,768,110.9973958,110.9973958,110.9973958
800,769,110.8855657,110.8855657,110.8855657
850,770,110.7987013,110.7987013,110.7987013
1075,771,110.7302205,110.7302205,110.7302205
861,772,110.6528497,110.6528497,110.6528497
586,773,110.5265201,110.5265201,110.5265201
1066,774,110.4560724,110.4560724,110.4560724
897,775,110.3651613,110.3651613,110.3651613
1222,776,110.5103093,110.5103093,110.5103093
916,777,110.4066924,110.4066924,110.4066924
936,778,110.3033419,110.3033419,110.3033419
840,779,110.2130937,110.2130937,110.2130937
1035,780,110.1794872,110.1794872,110.1794872
893,781,110.0883483,110.0883483,110.0883483
792,782,109.9820972,109.9820972,109.9820972
1554,783,110.2196679,110.2196679,110.2196679
782,784,110.1020408,110.1020408,110.1020408
1630,785,110.4292994,110.4292994,110.4292994
711,786,110.3091603,110.3091603,110.3091603
1544,787,110.6277001,110.6277001,110.6277001
1059,788,110.5850254,110.5850254,110.5850254
1094,789,110.5551331,110.5551331,110.5551331
1083,790,110.4962025,110.4962025,110.4962025
1222,791,110.4576485,110.4576485,110.4576485
1597,792,110.739899,110.739899,110.739899
900,793,110.6633039,110.6633039,110.6633039
1216,794,110.6133501,110.6133501,110.6133501
1221,795,110.5597484,110.5597484,110.5597484
784,796,110.4484925,110.4484925,110.4484925
682,797,110.3299875,110.3299875,110.3299875
931,798,110.2393484,110.2393484,110.2393484
934,799,110.1764706,110.1764706,110.1764706
1191,800,110.1025,110.1025,110.1025
1691,801,110.4082397,110.4082397,110.4082397
1199,802,110.4763092,110.4763092,110.4763092
1098,803,110.4034869,110.4034869,110.4034869
738,804,110.3109453,110.3109453,110.3109453
891,805,110.2223602,110.2223602,110.2223602
558,806,110.1029777,110.1029777,110.1029777
750,807,109.9987608,109.9987608,109.9987608
1444,808,110.1856436,110.1856436,110.1856436
701,809,110.0840544,110.0840544,110.0840544
921,810,109.9876543,109.9876543,109.9876543
1282,811,109.998767,109.998767,109.998767
1088,812,109.9359606,109.9359606,109.9359606
1053,813,109.8733087,109.8733087,109.8733087
1172,814,109.7960688,109.7960688,109.7960688
738,815,109.7423313,109.7423313,109.7423313
1161,816,109.7022059,109.7022059,109.7022059
1408,817,109.9596083,109.9596083,109.9596083
1539,818,110.0819071,110.0819071,110.0819071
1206,819,110.0573871,110.0573871,110.0573871
1387,820,110.1743902,110.1743902,110.1743902
1520,821,110.4409257,110.4409257,110.4409257
967,822,110.3722628,110.3722628,110.3722628
1344,823,110.5443499,110.5443499,110.5443499
898,824,110.4453883,110.4453883,110.4453883
1614,825,110.7636364,110.7636364,110.7636364
1086,826,110.7263923,110.7263923,110.7263923
1342,827,110.7315599,110.7315599,110.7315599
1471,828,111.0024155,111.0024155,111.0024155
1113,829,110.9276236,110.9276236,110.9276236
1104,830,111.0301205,111.0301205,111.0301205
1301,831,111.1648616,111.1648616,111.1648616
1818,832,111.5096154,111.5096154,111.5096154
1326,833,111.5258103,111.5258103,111.5258103
816,834,111.4616307,111.4616307,111.4616307
1146,835,111.4311377,111.4311377,111.4311377
1041,836,111.3552632,111.3552632,111.3552632
1228,837,111.5770609,111.5770609,111.5770609
876,838,111.4821002,111.4821002,111.4821002
915,839,111.4064362,111.4064362,111.4064362
937,840,111.3214286,111.3214286,111.3214286
980,841,111.2485137,111.2485137,111.2485137
1045,842,111.1900238,111.1900238,111.1900238
955,843,111.1126928,111.1126928,111.1126928
1061,844,111.0521327,111.0521327,111.0521327
8367,845,111.3136095,111.3136095,111.3136095
1133,846,111.2470449,111.2470449,111.2470449
1151,847,111.1877214,111.1877214,111.1877214
1087,848,111.1320755,111.1320755,111.1320755
1258,849,111.1413428,111.1413428,111.1413428
877,850,111.0552941,111.0552941,111.0552941
1551,851,111.3113984,111.3113984,111.3113984
1554,852,111.5387324,111.5387324,111.5387324
1735,853,111.8159437,111.8159437,111.8159437
1072,854,111.734192,111.734192,111.734192
1701,855,112.0444444,112.0444444,112.0444444
1391,856,112.1518692,112.1518692,112.1518692
6495,857,112.453909,112.453909,112.453909
1114,858,112.4067599,112.4067599,112.4067599
1156,859,112.4039581,112.4039581,112.4039581
1032,860,112.3395349,112.3395349,112.3395349
1044,861,112.271777,112.271777,112.271777
1139,862,112.1960557,112.1960557,112.1960557
998,863,112.1147161,112.1147161,112.1147161
1003,864,112.0277778,112.0277778,112.0277778
688,865,111.9260116,111.9260116,111.9260116
938,866,111.8383372,111.8383372,111.8383372
1054,867,111.7773933,111.7773933,111.7773933
968,868,111.7108295,111.7108295,111.7108295
1176,869,111.6582278,111.6582278,111.6582278
950,870,111.5712644,111.5712644,111.5712644
1244,871,111.5304248,111.5304248,111.5304248
1313,872,111.5424312,111.5424312,111.5424312
1047,873,111.4856816,111.4856816,111.4856816
757,874,111.5732265,111.5732265,111.5732265
1423,875,111.7565714,111.7565714,111.7565714
783,876,111.6541096,111.6541096,111.6541096
686,877,111.5815279,111.5815279,111.5815279
710,878,111.4829157,111.4829157,111.4829157
1290,879,111.5096701,111.5096701,111.5096701
1213,880,111.5,111.5,111.5
1597,881,111.7775255,111.7775255,111.7775255
822,882,111.6904762,111.6904762,111.6904762
1329,883,111.7531144,111.7531144,111.7531144
1242,884,111.8506787,111.8506787,111.8506787
1321,885,111.8293785,111.8293785,111.8293785
1120,886,111.8126411,111.8126411,111.8126411
647,887,111.7057497,111.7057497,111.7057497
1234,888,111.713964,111.713964,111.713964
889,889,111.6287964,111.6287964,111.6287964
1031,890,111.5617978,111.5617978,111.5617978
1648,891,111.8327722,111.8327722,111.8327722
1600,892,112.0650224,112.0650224,112.0650224
1568,893,112.3684211,112.3684211,112.3684211
1293,894,112.3400447,112.3400447,112.3400447
1715,895,112.4871508,112.4871508,112.4871508
1640,896,112.6551339,112.6551339,112.6551339
1754,897,112.6666667,112.6666667,112.6666667
1018,898,112.5979955,112.5979955,112.5979955
1976,899,112.8464961,112.8464961,112.8464961
848,900,112.7655556,112.7655556,112.7655556
1204,901,112.8823529,112.8823529,112.8823529
767,902,112.8115299,112.8115299,112.8115299
1031,903,112.7552602,112.7552602,112.7552602
1209,904,112.7566372,112.7566372,112.7566372
829,905,112.7027624,112.7027624,112.7027624
1073,906,112.6600442,112.6600442,112.6600442
1273,907,112.6703418,112.6703418,112.6703418
1078,908,112.6365639,112.6365639,112.6365639
907,909,112.5940594,112.5940594,112.5940594
694,910,112.5340659,112.5340659,112.5340659
1036,911,112.4950604,112.4950604,112.4950604
1068,912,112.4506579,112.4506579,112.4506579
1493,913,112.4720701,112.4720701,112.4720701
1450,914,112.7100656,112.7100656,112.7100656
1052,915,112.6404372,112.6404372,112.6404372
1231,916,112.610262,112.610262,112.610262
1665,917,112.8985823,112.8985823,112.8985823
1263,918,112.8769063,112.8769063,112.8769063
2235,919,113.0282916,113.0282916,113.0282916
1835,920,113.1521739,113.1521739,113.1521739
2313,921,113.2899023,113.2899023,113.2899023
1334,922,113.4381779,113.4381779,113.4381779
1226,923,113.4182015,113.4182015,113.4182015
912,924,113.3820346,113.3820346,113.3820346
1204,925,113.3437838,113.3437838,113.3437838
731,926,113.2764579,113.2764579,113.2764579
1426,927,113.4649407,113.4649407,113.4649407
1524,928,113.5258621,113.5258621,113.5258621
1193,929,113.5005382,113.5005382,113.5005382
1319,930,113.4666667,113.4666667,113.4666667
1140,931,113.5821697,113.5821697,113.5821697
1246,932,113.7060086,113.7060086,113.7060086
1302,933,113.9024652,113.9024652,113.9024652
1140,934,113.8586724,113.8586724,113.8586724
1044,935,113.8181818,113.8181818,113.8181818
1108,936,113.767094,113.767094,113.767094
2064,937,113.9754536,113.9754536,113.9754536
1336,938,114.108742,114.108742,114.108742
924,939,114.0255591,114.0255591,114.0255591
1147,940,114.0053191,114.0053191,114.0053191
996,941,113.9426142,113.9426142,113.9426142
1039,942,113.8641189,113.8641189,113.8641189
892,943,113.8038176,113.8038176,113.8038176
815,944,113.7521186,113.7521186,113.7521186
1291,945,113.9037037,113.9037037,113.9037037
1310,946,113.8530655,113.8530655,113.8530655
1191,947,113.8648363,113.8648363,113.8648363
1454,948,114.0991561,114.0991561,114.0991561
1278,949,114.1116965,114.1116965,114.1116965
1006,950,114.0315789,114.0315789,114.0315789
966,951,113.9768665,113.9768665,113.9768665
1092,952,113.9044118,113.9044118,113.9044118
863,953,113.8163694,113.8163694,113.8163694
1185,954,113.7955975,113.7955975,113.7955975
662,955,113.7193717,113.7193717,113.7193717
1513,956,113.958159,113.958159,113.958159
721,957,113.8557994,113.8557994,113.8557994
3458,958,114.085595,114.085595,114.085595
1444,959,114.2888425,114.2888425,114.2888425
765,960,114.20625,114.20625,114.20625
1495,961,114.4349636,114.4349636,114.4349636
924,962,114.3700624,114.3700624,114.3700624
1058,963,114.3229491,114.3229491,114.3229491
1528,964,114.5497925,114.5497925,114.5497925
1215,965,114.6290155,114.6290155,114.6290155
1109,966,114.6118012,114.6118012,114.6118012
1550,967,114.868666,114.868666,114.868666
1237,968,115.0599174,115.0599174,115.0599174
1054,969,115.0165119,115.0165119,115.0165119
702,970,114.9319588,114.9319588,114.9319588
1031,971,114.8970134,114.8970134,114.8970134
1076,972,114.8446502,114.8446502,114.8446502
1462,973,114.9804728,114.9804728,114.9804728
1537,974,115.198152,115.198152,115.198152
553,975,115.0933333,115.0933333,115.0933333
752,976,115.0266393,115.0266393,115.0266393
1407,977,115.1658137,115.1658137,115.1658137
1487,978,115.297546,115.297546,115.297546
1220,979,115.2706844,115.2706844,115.2706844
1575,980,115.4959184,115.4959184,115.4959184
1634,981,115.7370031,115.7370031,115.7370031
966,982,115.6670061,115.6670061,115.6670061
940,983,115.5900305,115.5900305,115.5900305
1102,984,115.5203252,115.5203252,115.5203252
1249,985,115.5025381,115.5025381,115.5025381
1422,986,115.7271805,115.7271805,115.7271805
1735,987,116.0010132,116.0010132,116.0010132
1065,988,115.9392713,115.9392713,115.9392713
900,989,115.867543,115.867543,115.867543
2140,990,116.0909091,116.0909091,116.0909091
1858,991,116.2936428,116.2936428,116.2936428
844,992,116.4012097,116.4012097,116.4012097
1164,993,116.3373615,116.3373615,116.3373615
771,994,116.250503,116.250503,116.250503
1195,995,116.2321608,116.2321608,116.2321608
1400,996,116.3875502,116.3875502,116.3875502
1439,997,116.5877633,116.5877633,116.5877633
1543,998,116.8176353,116.8176353,116.8176353
1302,999,116.990991,116.990991,116.990991
639,1000,116.889,116.889,116.889
593,1001,116.7862138,116.7862138,116.7862138
1302,1002,116.8113772,116.8113772,116.8113772
862,1003,116.7218345,116.7218345,116.7218345
1312,1004,116.8804781,116.8804781,116.8804781
1028,1005,116.8039801,116.8039801,116.8039801
1512,1006,116.9821074,116.9821074,116.9821074
1056,1007,116.9314796,116.9314796,116.9314796
1042,1008,116.9880952,116.9880952,116.9880952
899,1009,116.9157582,116.9157582,116.9157582
863,1010,116.9623762,116.9623762,116.9623762
1572,1011,117.1869436,117.1869436,117.1869436
1795,1012,117.3290514,117.3290514,117.3290514
1376,1013,117.4935834,117.4935834,117.4935834
1081,1014,117.4398422,117.4398422,117.4398422
976,1015,117.3793103,117.3793103,117.3793103
2139,1016,117.4576772,117.4576772,117.4576772
392,1017,117.3520157,117.3520157,117.3520157
1038,1018,117.3084479,117.3084479,117.3084479
1120,1019,117.2571148,117.2571148,117.2571148
1244,1020,117.2098039,117.2098039,117.2098039
577,1021,117.1145935,117.1145935,117.1145935
1380,1022,117.2622309,117.2622309,117.2622309
1055,1023,117.2072336,117.2072336,117.2072336
1217,1024,117.1621094,117.1621094,117.1621094
867,1025,117.1014634,117.1014634,117.1014634
848,1026,117.0097466,117.0097466,117.0097466
699,1027,116.916261,116.916261,116.916261
1301,1028,116.8920233,116.8920233,116.8920233
768,1029,116.8396501,116.8396501,116.8396501
1102,1030,116.8029126,116.8029126,116.8029126
1383,1031,116.942774,116.942774,116.942774
1093,1032,116.8856589,116.8856589,116.8856589
767,1033,116.7996128,116.7996128,116.7996128
1123,1034,116.7591876,116.7591876,116.7591876
1337,1035,116.8937198,116.8937198,116.8937198
1588,1036,117.1090734,117.1090734,117.1090734
1333,1037,117.0906461,117.0906461,117.0906461
1829,1038,117.1734104,117.1734104,117.1734104
1074,1039,117.1395573,117.1395573,117.1395573
1165,1040,117.1346154,117.1346154,117.1346154
1234,1041,117.1325648,117.1325648,117.1325648
1266,1042,117.2120921,117.2120921,117.2120921
786,1043,117.1169703,117.1169703,117.1169703
1002,1044,117.0469349,117.0469349,117.0469349
1055,1045,117.0086124,117.0086124,117.0086124
774,1046,116.917782,116.917782,116.917782
1043,1047,116.8662846,116.8662846,116.8662846
1060,1048,116.8358779,116.8358779,116.8358779
1609,1049,117.0419447,117.0419447,117.0419447
1688,1050,117.2657143,117.2657143,117.2657143
877,1051,117.1855376,117.1855376,117.1855376
577,1052,117.108365,117.108365,117.108365
860,1053,117.0550807,117.0550807,117.0550807
1003,1054,116.9848197,116.9848197,116.9848197
876,1055,116.9033175,116.9033175,116.9033175
1062,1056,116.8371212,116.8371212,116.8371212
1006,1057,116.7729423,116.7729423,116.7729423
1340,1058,116.8657845,116.8657845,116.8657845
1040,1059,116.8177526,116.8177526,116.8177526
891,1060,116.7301887,116.7301887,116.7301887
1064,1061,116.6663525,116.6663525,116.6663525
1380,1062,116.8163842,116.8163842,116.8163842
606,1063,116.7290687,116.7290687,116.7290687
833,1064,116.6550752,116.6550752,116.6550752
837,1065,116.5746479,116.5746479,116.5746479
1240,1066,116.6454034,116.6454034,116.6454034
1320,1067,116.5932521,116.5932521,116.5932521
871,1068,116.5093633,116.5093633,116.5093633
899,1069,116.424696,116.424696,116.424696
1184,1070,116.3794393,116.3794393,116.3794393
1340,1071,116.4519141,116.4519141,116.4519141
1342,1072,116.4458955,116.4458955,116.4458955
1529,1073,116.5815471,116.5815471,116.5815471
2399,1074,116.8193669,116.8193669,116.8193669
1182,1075,116.8288372,116.8288372,116.8288372
1106,1076,116.8076208,116.8076208,116.8076208
1148,1077,116.7734448,116.7734448,116.7734448
1316,1078,116.7801484,116.7801484,116.7801484
5263,1079,117.0157553,117.0157553,117.0157553
1175,1080,116.987963,116.987963,116.987963
942,1081,116.9389454,116.9389454,116.9389454
1094,1082,116.8992606,116.8992606,116.8992606
1096,1083,116.856879,116.856879,116.856879
954,1084,116.7841328,116.7841328,116.7841328
1276,1085,116.7852535,116.7852535,116.7852535
1961,1086,116.8793738,116.8793738,116.8793738
1911,1087,117.0846366,117.0846366,117.0846366
891,1088,117.0137868,117.0137868,117.0137868
1240,1089,117.1303949,117.1303949,117.1303949
432,1090,117.0321101,117.0321101,117.0321101
1369,1091,117.0522456,117.0522456,117.0522456
656,1092,116.9688645,116.9688645,116.9688645
960,1093,116.9085087,116.9085087,116.9085087
1487,1094,117.0383912,117.0383912,117.0383912
550,1095,116.9543379,116.9543379,116.9543379
627,1096,116.9005474,116.9005474,116.9005474
2065,1097,117.0546946,117.0546946,117.0546946
5843,1098,117.2978142,117.2978142,117.2978142
1003,1099,117.2302093,117.2302093,117.2302093
1022,1100,117.1772727,117.1772727,117.1772727
897,1101,117.0971844,117.0971844,117.0971844
887,1102,117.0190563,117.0190563,117.0190563
889,1103,116.9329102,116.9329102,116.9329102
1321,1104,116.9211957,116.9211957,116.9211957
1127,1105,116.9556561,116.9556561,116.9556561
1694,1106,117.1726944,117.1726944,117.1726944
1256,1107,117.1409214,117.1409214,117.1409214
1145,1108,117.0803249,117.0803249,117.0803249
1095,1109,117.0207394,117.0207394,117.0207394
1254,1110,117.018018,117.018018,117.018018
1524,1111,117.1854185,117.1854185,117.1854185
1055,1112,117.1636691,117.1636691,117.1636691
1063,1113,117.0916442,117.0916442,117.0916442
543,1114,117.0035907,117.0035907,117.0035907
1057,1115,116.973991,116.973991,116.973991
680,1116,116.8870968,116.8870968,116.8870968
1088,1117,116.8182632,116.8182632,116.8182632
994,1118,116.7665474,116.7665474,116.7665474
459,1119,116.6729223,116.6729223,116.6729223
749,1120,116.5991071,116.5991071,116.5991071
1007,1121,116.5236396,116.5236396,116.5236396
1058,1122,116.5677362,116.5677362,116.5677362
537,1123,116.5004452,116.5004452,116.5004452
1554,1124,116.6681495,116.6681495,116.6681495
1446,1125,116.8551111,116.8551111,116.8551111
3205,1126,117.0612789,117.0612789,117.0612789
1460,1127,117.2191659,117.2191659,117.2191659
790,1128,117.143617,117.143617,117.143617
1001,1129,117.146147,117.146147,117.146147
1258,1130,117.2380531,117.2380531,117.2380531
1584,1131,117.4526967,117.4526967,117.4526967
1394,1132,117.5803887,117.5803887,117.5803887
1046,1133,117.5481024,117.5481024,117.5481024
1049,1134,117.5141093,117.5141093,117.5141093
943,1135,117.4396476,117.4396476,117.4396476
1047,1136,117.409331,117.409331,117.409331
1047,1137,117.3377309,117.3377309,117.3377309
986,1138,117.2697715,117.2697715,117.2697715
1122,1139,117.2063213,117.2063213,117.2063213
1254,1140,117.1982456,117.1982456,117.1982456
1093,1141,117.1875548,117.1875548,117.1875548
1204,1142,117.2075306,117.2075306,117.2075306
1153,1143,117.1784777,117.1784777,117.1784777
1654,1144,117.3951049,117.3951049,117.3951049
475,1145,117.3021834,117.3021834,117.3021834
1676,1146,117.5165794,117.5165794,117.5165794
2114,1147,117.7288579,117.7288579,117.7288579
1373,1148,117.7552265,117.7552265,117.7552265
1398,1149,117.870322,117.870322,117.870322
1297,1150,118.0078261,118.0078261,118.0078261
1968,1151,118.1433536,118.1433536,118.1433536
895,1152,118.0807292,118.0807292,118.0807292
1340,1153,118.197745,118.197745,118.197745
1270,1154,118.1429809,118.1429809,118.1429809
1144,1155,118.0995671,118.0995671,118.0995671
1436,1156,118.1756055,118.1756055,118.1756055
719,1157,118.1114952,118.1114952,118.1114952
1325,1158,118.2495682,118.2495682,118.2495682
1222,1159,118.2605695,118.2605695,118.2605695
1012,1160,118.2043103,118.2043103,118.2043103
672,1161,118.1455642,118.1455642,118.1455642
1395,1162,118.2857143,118.2857143,118.2857143
1031,1163,118.2287188,118.2287188,118.2287188
651,1164,118.1417526,118.1417526,118.1417526
1113,1165,118.0944206,118.0944206,118.0944206
1261,1166,118.0814751,118.0814751,118.0814751
1159,1167,118.0565553,118.0565553,118.0565553
1248,1168,118.0273973,118.0273973,118.0273973
1448,1169,118.1462789,118.1462789,118.1462789
1127,1170,118.1042735,118.1042735,118.1042735
991,1171,118.0341588,118.0341588,118.0341588
1035,1172,117.9786689,117.9786689,117.9786689
1108,1173,117.9309463,117.9309463,117.9309463
1180,1174,117.8816014,117.8816014,117.8816014
1206,1175,117.8417021,117.8417021,117.8417021
1547,1176,117.9965986,117.9965986,117.9965986
1259,1177,117.9855565,117.9855565,117.9855565
1494,1178,118.0475382,118.0475382,118.0475382
1161,1179,118.0203562,118.0203562,118.0203562
554,1180,117.9432203,117.9432203,117.9432203
1233,1181,118.0448772,118.0448772,118.0448772
6338,1182,118.143824,118.143824,118.143824
1605,1183,118.3305156,118.3305156,118.3305156
430,1184,118.2440878,118.2440878,118.2440878
720,1185,118.1637131,118.1637131,118.1637131
1096,1186,118.1053963,118.1053963,118.1053963
932,1187,118.0336984,118.0336984,118.0336984
1181,1188,117.9781145,117.9781145,117.9781145
1090,1189,117.9125315,117.9125315,117.9125315
1694,1190,118.1193277,118.1193277,118.1193277
1817,1191,118.3308144,118.3308144,118.3308144
1160,1192,118.3154362,118.3154362,118.3154362
1237,1193,118.3310981,118.3310981,118.3310981
11980,1194,118.4832496,118.4832496,118.4832496
1381,1195,118.5297071,118.5297071,118.5297071
1167,1196,118.4732441,118.4732441,118.4732441
1168,1197,118.4536341,118.4536341,118.4536341
1028,1198,118.4056761,118.4056761,118.4056761
1213,1199,118.3886572,118.3886572,118.3886572
870,1200,118.3225,118.3225,118.3225
565,1201,118.2339717,118.2339717,118.2339717
827,1202,118.1547421,118.1547421,118.1547421
823,1203,118.0773067,118.0773067,118.0773067
890,1204,118.0008306,118.0008306,118.0008306
1095,1205,117.9543568,117.9543568,117.9543568
1013,1206,117.9021559,117.9021559,117.9021559
955,1207,117.8359569,117.8359569,117.8359569
711,1208,117.7541391,117.7541391,117.7541391
718,1209,117.6898263,117.6898263,117.6898263
1648,1210,117.6826446,117.6826446,117.6826446
1288,1211,117.6961189,117.6961189,117.6961189
1390,1212,117.8316832,117.8316832,117.8316832
1320,1213,117.7873042,117.7873042,117.7873042
1204,1214,117.7454695,117.7454695,117.7454695
1550,1215,117.8823045,117.8823045,117.8823045
913,1216,117.8215461,117.8215461,117.8215461
1183,1217,117.7732128,117.7732128,117.7732128
1308,1218,117.7643678,117.7643678,117.7643678
1200,1219,117.8589007,117.8589007,117.8589007
1314,1220,117.9540984,117.9540984,117.9540984
947,1221,117.9328419,117.9328419,117.9328419
1778,1222,118.1170213,118.1170213,118.1170213
1775,1223,118.3286999,118.3286999,118.3286999
1570,1224,118.494281,118.494281,118.494281
1449,1225,118.6204082,118.6204082,118.6204082
1166,1226,118.5872757,118.5872757,118.5872757
973,1227,118.5248574,118.5248574,118.5248574
1304,1228,118.504886,118.504886,118.504886
1364,1229,118.4646054,118.4646054,118.4646054
1122,1230,118.4276423,118.4276423,118.4276423
1033,1231,118.3842405,118.3842405,118.3842405
838,1232,118.3238636,118.3238636,118.3238636
940,1233,118.2773723,118.2773723,118.2773723
1110,1234,118.2358185,118.2358185,118.2358185
998,1235,118.1773279,118.1773279,118.1773279
1323,1236,118.2661812,118.2661812,118.2661812
1001,1237,118.2045271,118.2045271,118.2045271
1214,1238,118.1688207,118.1688207,118.1688207
1025,1239,118.1226796,118.1226796,118.1226796
1070,1240,118.083871,118.083871,118.083871
943,1241,118.0306205,118.0306205,118.0306205
958,1242,117.9541063,117.9541063,117.9541063
1106,1243,117.9115044,117.9115044,117.9115044
1029,1244,117.8689711,117.8689711,117.8689711